 ,Bacillus_cereus.fna,Streptococcus_pyogenes.fna,Escherichia_coli.fna,Bifidobacterium_longum.fna,Xanthomonas_oryzae.fna,Corynebacterium_glutamicum.fna,Mycoplasma_pneumoniae.fna,Listeria_monocytogenes.fna,Caulobacter_vibrioides.fna
Bacillus_cereus.fna,0.0,2.2154047973424367e-24,0.001591184956901695,0.2604212555732603,0.13495425297326677,0.11210589260572341,3.289108492168912e-13,7.712919048178763e-38,0.021113074891194638
Streptococcus_pyogenes.fna,2.2154047973424367e-24,0.0,6.634280958795627e-05,0.9402415187179046,0.5572322600380435,0.0013577785419888787,6.340449179876303e-19,2.9893549213749665e-30,0.19955407128444608
Escherichia_coli.fna,0.001591184956901695,6.634280958795627e-05,0.0,1.1528646060289864e-09,1.2841686015405239e-12,1.93345647796491e-12,4.936478496401952e-05,2.939672567510126e-05,1.7223418258196288e-07
Bifidobacterium_longum.fna,0.2604212555732603,0.9402415187179046,1.1528646060289864e-09,0.0,2.609306571278098e-25,3.819728038294685e-15,0.26802606417377933,0.8540955777878244,2.061389696778491e-27
Xanthomonas_oryzae.fna,0.13495425297326677,0.5572322600380435,1.2841686015405239e-12,2.609306571278098e-25,0.0,6.051897013294859e-11,0.7124574552829331,0.5754083772254092,1.9108212432207667e-28
Corynebacterium_glutamicum.fna,0.11210589260572341,0.0013577785419888787,1.93345647796491e-12,3.819728038294685e-15,6.051897013294859e-11,0.0,0.0014434904694660305,0.0066638895165191895,3.5699199437932936e-08
Mycoplasma_pneumoniae.fna,3.289108492168912e-13,6.340449179876303e-19,4.936478496401952e-05,0.26802606417377933,0.7124574552829331,0.0014434904694660305,0.0,1.1893577908047648e-14,0.8080408551711485
Listeria_monocytogenes.fna,7.712919048178763e-38,2.9893549213749665e-30,2.939672567510126e-05,0.8540955777878244,0.5754083772254092,0.0066638895165191895,1.1893577908047648e-14,0.0,0.1444128618189005
Caulobacter_vibrioides.fna,0.021113074891194638,0.19955407128444608,1.7223418258196288e-07,2.061389696778491e-27,1.9108212432207667e-28,3.5699199437932936e-08,0.8080408551711485,0.1444128618189005,0.0
