 ,Corynebacterium_glutamicum.fna,Listeria_monocytogenes.fna,Xanthomonas_oryzae.fna,Bifidobacterium_longum.fna,Bacillus_cereus.fna,Streptococcus_pyogenes.fna,Escherichia_coli.fna,Caulobacter_vibrioides.fna,Mycoplasma_pneumoniae.fna
Corynebacterium_glutamicum.fna,0.0,0.0010727755476617618,3.552447106701613e-14,2.2517668077032408e-17,0.07047996812336166,0.00023231680586640566,1.1374720014753512e-14,8.947528209274681e-11,6.993454856860866e-07
Listeria_monocytogenes.fna,0.0010727755476617618,0.0,0.5641113903707009,0.43408141930945254,1.8007709060489434e-28,4.014809752037427e-23,1.603103787046376e-05,0.5411959620846887,1.805602047638943e-11
Xanthomonas_oryzae.fna,3.552447106701613e-14,0.5641113903707009,0.0,2.2533257212356926e-32,0.5150091712631828,0.5924459286744608,7.386790624186771e-14,8.310893356907313e-30,0.006856691055870444
Bifidobacterium_longum.fna,2.2517668077032408e-17,0.43408141930945254,2.2533257212356926e-32,0.0,0.7097309584434077,0.37085902190148834,1.4092800198169863e-13,3.514057526046739e-28,0.002734700954798375
Bacillus_cereus.fna,0.07047996812336166,1.8007709060489434e-28,0.5150091712631828,0.7097309584434077,0.0,4.743459870261663e-20,0.0023796401010121888,0.06383467809906346,5.233101760400798e-08
Streptococcus_pyogenes.fna,0.00023231680586640566,4.014809752037427e-23,0.5924459286744608,0.37085902190148834,4.743459870261663e-20,0.0,4.2890212254485524e-05,0.650419586443596,1.1855410298718546e-15
Escherichia_coli.fna,1.1374720014753512e-14,1.603103787046376e-05,7.386790624186771e-14,1.4092800198169863e-13,0.0023796401010121888,4.2890212254485524e-05,0.0,9.35564984159874e-09,1.7472269869423273e-08
Caulobacter_vibrioides.fna,8.947528209274681e-11,0.5411959620846887,8.310893356907313e-30,3.514057526046739e-28,0.06383467809906346,0.650419586443596,9.35564984159874e-09,0.0,0.11442857785425024
Mycoplasma_pneumoniae.fna,6.993454856860866e-07,1.805602047638943e-11,0.006856691055870444,0.002734700954798375,5.233101760400798e-08,1.1855410298718546e-15,1.7472269869423273e-08,0.11442857785425024,0.0
